data_dir,N_way,K_shot,inner_lr,outer_lr,n_steps,meta_steps,task_mb_size,lam,cg_steps,cg_damping,use_gpu,num_tasks,save_dir,lam_lr,lam_min,scalar_lam,taylor_approx,inner_alg,load_agent,load_tasks,train_pre,test_pre,train_post,test_post,train_acc,val_acc
/home/sss-linux1/project/leejun/imaml_dev/data/omniglot,5,1,0.1,0.001,16,500,32,2.0,5,1.0,True,5000,5_way_1_shot_exp1,0.0,0.0,True,False,gradient,,./task_defs/Omniglot_5_way_1_shot.pickle,2.2152474746108055,2.421652551740408,0.0014235526286938693,1.428661685436964,100.0,46.25
,,,,,,,,,,,,,,,,,,,,,2.5212478190660477,2.4785694219172,0.0015174657055467833,1.5769917801953852,100.0,44.375
,,,,,,,,,,,,,,,,,,,,,2.7778681367635727,2.8543234653770924,0.0015521645545959473,1.344846417196095,100.0,49.375
,,,,,,,,,,,,,,,,,,,,,3.0588472075760365,3.0798672698438168,0.0017318070167675614,1.4100954057648778,100.0,49.375
,,,,,,,,,,,,,,,,,,,,,3.5216562673449516,3.5165201276540756,0.001897701624329784,1.4750121030956507,100.0,46.25
,,,,,,,,,,,,,,,,,,,,,4.057760588824749,3.8619592785835266,0.002181011444918113,1.3560241907835007,100.0,57.5
,,,,,,,,,,,,,,,,,,,,,4.311551935970783,4.380201205611229,0.002193871150666382,1.5102404952049255,100.0,51.25
,,,,,,,,,,,,,,,,,,,,,4.908422641456127,5.06562290340662,0.0021005958260502666,1.489116931334138,100.0,48.75
,,,,,,,,,,,,,,,,,,,,,5.555859088897705,5.318817354738712,0.002221500875748461,1.2262655240483582,100.0,55.0
,,,,,,,,,,,,,,,,,,,,,6.116528734564781,6.185633167624474,0.002120023978932295,1.0933846915140748,100.0,59.375
,,,,,,,,,,,,,,,,,,,,,6.515752673149109,6.688309445977211,0.0021915495344728697,1.3997636465355754,100.0,48.125
,,,,,,,,,,,,,,,,,,,,,6.668083623051643,6.912455514073372,0.0025607436982681975,1.1433174144476652,100.0,58.75
,,,,,,,,,,,,,,,,,,,,,7.258846178650856,7.099648132920265,0.002614071956486441,1.0127390092238784,100.0,60.625
,,,,,,,,,,,,,,,,,,,,,7.3323023468256,7.196319505572319,0.002607348567835288,1.0196248930878937,100.0,61.875
,,,,,,,,,,,,,,,,,,,,,7.505702555179596,7.642171502113342,0.0025637686158006545,1.179737732745707,100.0,61.875
,,,,,,,,,,,,,,,,,,,,,7.808367475867271,7.70726078748703,0.0028218269362696446,1.0881549622863531,100.0,59.375
,,,,,,,,,,,,,,,,,,,,,7.614615216851234,7.717989012598991,0.0026176542014582083,0.9505558712407947,100.0,63.125
,,,,,,,,,,,,,,,,,,,,,7.433764308691025,7.6385375410318375,0.002750581508735195,1.08804951608181,100.0,60.625
,,,,,,,,,,,,,,,,,,,,,7.6836988478899,7.6968779265880585,0.0028493851350503974,0.8725940971635282,100.0,71.875
,,,,,,,,,,,,,,,,,,,,,7.453859552741051,7.392893612384796,0.0028987974183110055,1.107768153771758,100.0,53.75
,,,,,,,,,,,,,,,,,,,,,7.314488962292671,7.49691079556942,0.0028797239174309652,0.8758789673447609,100.0,67.5
,,,,,,,,,,,,,,,,,,,,,7.103069871664047,7.23491670191288,0.002854442584066419,1.0927597684785724,100.0,63.125
,,,,,,,,,,,,,,,,,,,,,7.034741207957268,6.987872362136841,0.003143960246234201,0.9263491407036781,100.0,63.75
,,,,,,,,,,,,,,,,,,,,,6.954469457268715,6.955546200275421,0.0030686289028380997,0.9745215680450201,100.0,64.375
,,,,,,,,,,,,,,,,,,,,,6.827134281396866,6.793883740901947,0.0031627237622160465,1.0109155867248774,100.0,61.25
,,,,,,,,,,,,,,,,,,,,,6.657011538743973,6.754103377461433,0.0030203133792383596,0.8756586341187358,100.0,68.75
,,,,,,,,,,,,,,,,,,,,,6.527686297893524,6.489612281322479,0.0033661276029306464,0.9346226155757904,100.0,70.625
,,,,,,,,,,,,,,,,,,,,,6.317764982581139,6.344376638531685,0.003087177887209691,0.883259772323072,100.0,67.5
,,,,,,,,,,,,,,,,,,,,,6.415238216519356,6.16941311955452,0.0033281385840382427,0.9052895912900567,100.0,63.75
,,,,,,,,,,,,,,,,,,,,,6.129334643483162,6.119979724287987,0.003310996304207947,0.8362165265716612,100.0,71.25
,,,,,,,,,,,,,,,,,,,,,6.097186550498009,6.159247651696205,0.003280076402006671,0.8930128128267825,100.0,67.5
,,,,,,,,,,,,,,,,,,,,,6.327915325760841,6.228382095694542,0.0036634534772019833,0.7760726157575846,100.0,70.0
,,,,,,,,,,,,,,,,,,,,,6.095536559820175,6.197615593671799,0.0034693241032073274,0.784338784404099,100.0,71.25
,,,,,,,,,,,,,,,,,,,,,6.060585990548134,6.159380599856377,0.0032989710234687664,0.9266789387911558,100.0,68.125
,,,,,,,,,,,,,,,,,,,,,6.380058914422989,6.290922716259956,0.0034801512883859687,0.8103825133293867,100.0,70.625
,,,,,,,,,,,,,,,,,,,,,6.3278635293245316,6.196152448654175,0.0036291301148594357,0.8073240695521235,100.0,71.25
,,,,,,,,,,,,,,,,,,,,,6.178844466805458,6.1599006205797195,0.003393068902369123,0.7044005356729031,100.0,73.75
,,,,,,,,,,,,,,,,,,,,,6.3191404193639755,6.30029883980751,0.0035594135842984542,0.837630002759397,100.0,65.0
,,,,,,,,,,,,,,,,,,,,,6.201095730066299,6.232891470193863,0.0037138938932912424,0.8331686751917005,100.0,68.125
,,,,,,,,,,,,,,,,,,,,,6.326179221272469,6.308163717389107,0.003398969776753802,0.8060790225863457,100.0,71.25
,,,,,,,,,,,,,,,,,,,,,6.6067948043346405,6.536362752318382,0.0035224229068262503,0.7263538108672947,100.0,75.625
,,,,,,,,,,,,,,,,,,,,,6.674867749214172,6.728211373090744,0.0038280934168142267,0.7408011709339917,100.0,73.125
,,,,,,,,,,,,,,,,,,,,,6.620004311203957,6.731454938650131,0.003364181531651411,0.6635161386802793,100.0,73.75
,,,,,,,,,,,,,,,,,,,,,6.623878911137581,6.543994173407555,0.0035864591554854997,0.8224488608539104,100.0,66.875
,,,,,,,,,,,,,,,,,,,,,6.668050453066826,6.688026487827301,0.0037132590950932354,0.7524045682512224,100.0,71.875
,,,,,,,,,,,,,,,,,,,,,6.663922607898712,6.734596699476242,0.0035617917965282686,0.7198624359443784,100.0,73.125
,,,,,,,,,,,,,,,,,,,,,6.614092171192169,6.580195888876915,0.003679230787383858,0.7801692113280296,100.0,70.625
,,,,,,,,,,,,,,,,,,,,,6.533131688833237,6.631133615970612,0.003564196827937849,0.7253490216098726,100.0,71.25
,,,,,,,,,,,,,,,,,,,,,6.557061210274696,6.656570285558701,0.0036496490210993215,0.7956987773068249,100.0,70.0
,,,,,,,,,,,,,,,,,,,,,6.657220423221588,6.6237830221652985,0.0035646349060698412,0.6879005520604551,100.0,74.375
,,,,,,,,,,,,,,,,,,,,,6.567449063062668,6.588418409228325,0.003621539472078439,0.729984232224524,100.0,73.125
,,,,,,,,,,,,,,,,,,,,,6.485673233866692,6.4766233414411545,0.004064530141477007,0.8291596896015108,100.0,63.75
,,,,,,,,,,,,,,,,,,,,,6.498277500271797,6.503342255949974,0.0036155372799839824,0.6811837214045227,100.0,75.625
,,,,,,,,,,,,,,,,,,,,,6.48636656999588,6.493815720081329,0.003651025879662484,0.6796411881223321,100.0,73.75
,,,,,,,,,,,,,,,,,,,,,6.281722813844681,6.310067117214203,0.0035830855413223617,0.6196325966157019,100.0,77.5
,,,,,,,,,,,,,,,,,,,,,6.240248948335648,6.276749461889267,0.0037269622407620773,0.6985861221328378,100.0,73.125
,,,,,,,,,,,,,,,,,,,,,6.391405776143074,6.2965747863054276,0.003864470141706988,0.5952312765875831,100.0,76.875
,,,,,,,,,,,,,,,,,,,,,6.296262785792351,6.328466102480888,0.0037286311671778094,0.7705328210722655,100.0,72.5
,,,,,,,,,,,,,,,,,,,,,6.241093873977661,6.186559781432152,0.003895127767464146,0.7135151894763112,100.0,76.25
,,,,,,,,,,,,,,,,,,,,,6.21694341301918,6.351411193609238,0.003929418307961896,0.6675541130825877,100.0,75.0
,,,,,,,,,,,,,,,,,,,,,6.331402108073235,6.247197300195694,0.003765615794691257,0.5945274666883051,100.0,76.25
,,,,,,,,,,,,,,,,,,,,,6.2407242357730865,6.243349641561508,0.0037677049767808057,0.8406529263593256,100.0,65.625
,,,,,,,,,,,,,,,,,,,,,6.25325982272625,6.187176421284676,0.003791442548390478,0.6657099490985274,100.0,76.25
,,,,,,,,,,,,,,,,,,,,,6.305436789989471,6.212789312005043,0.004073899959621485,0.7100504338741302,100.0,75.625
,,,,,,,,,,,,,,,,,,,,,6.221244290471077,6.095874562859535,0.0037438064537127502,0.6113406694494188,100.0,81.25
,,,,,,,,,,,,,,,,,,,,,6.320384979248047,6.32439711689949,0.004002973408205435,0.642459606169723,100.0,78.75
,,,,,,,,,,,,,,,,,,,,,6.238163992762566,6.262724280357361,0.0037733048156951554,0.6532655705232173,100.0,73.125
,,,,,,,,,,,,,,,,,,,,,6.216844365000725,6.2813043892383575,0.00393683018774027,0.6145697995088995,100.0,77.5
,,,,,,,,,,,,,,,,,,,,,6.336407780647278,6.218239217996597,0.0038142859921208583,0.6392586836591363,100.0,75.625
,,,,,,,,,,,,,,,,,,,,,6.477800250053406,6.31802698969841,0.003789246089581866,0.6208934746682644,100.0,77.5
,,,,,,,,,,,,,,,,,,,,,6.3738275319337845,6.3994845896959305,0.0038465023098979145,0.6236505333799869,100.0,76.875
,,,,,,,,,,,,,,,,,,,,,6.506338372826576,6.550452366471291,0.004031690950796474,0.6035553831607103,100.0,76.25
,,,,,,,,,,,,,,,,,,,,,6.4045359790325165,6.527206555008888,0.0037616818881360814,0.6296659056097269,100.0,77.5
,,,,,,,,,,,,,,,,,,,,,6.485972955822945,6.5236594676971436,0.0040035635538515635,0.5771910005714744,100.0,78.125
,,,,,,,,,,,,,,,,,,,,,6.4623830914497375,6.414086282253265,0.0037500947873922996,0.6870034127496183,100.0,74.375
,,,,,,,,,,,,,,,,,,,,,6.533572897315025,6.513440191745758,0.003686106181703508,0.6538289068266749,100.0,74.375
,,,,,,,,,,,,,,,,,,,,,6.641592919826508,6.710637405514717,0.0036901145867886953,0.6263881439808756,100.0,78.125
,,,,,,,,,,,,,,,,,,,,,6.514153957366943,6.4270069897174835,0.0038675069699820597,0.6119396630674601,100.0,73.75
,,,,,,,,,,,,,,,,,,,,,6.589862689375877,6.462746664881706,0.003568622487364337,0.4723159270361066,100.0,82.5
,,,,,,,,,,,,,,,,,,,,,6.705063953995705,6.55846007168293,0.0038409441731346305,0.5914946980774403,100.0,76.875
,,,,,,,,,,,,,,,,,,,,,6.435939282178879,6.432507157325745,0.0038111686626507435,0.6921480735763907,100.0,70.625
,,,,,,,,,,,,,,,,,,,,,6.5878471583127975,6.534198075532913,0.0038424700614996254,0.596833139192313,100.0,75.625
,,,,,,,,,,,,,,,,,,,,,6.438062623143196,6.490878865122795,0.0035855710520991124,0.5274973439518362,100.0,81.875
,,,,,,,,,,,,,,,,,,,,,6.4202874302864075,6.392926871776581,0.0037300527401384898,0.7146442029625177,100.0,71.875
,,,,,,,,,,,,,,,,,,,,,6.405055433511734,6.419227495789528,0.003694203478517011,0.6594923422671854,100.0,73.125
,,,,,,,,,,,,,,,,,,,,,6.425079882144928,6.557812228798866,0.0037212848365015816,0.7100841975770891,100.0,75.0
,,,,,,,,,,,,,,,,,,,,,6.290628954768181,6.420111358165741,0.003544563034665771,0.6712027308531106,100.0,70.625
,,,,,,,,,,,,,,,,,,,,,6.379336014389992,6.4463359117507935,0.003598591676563956,0.6189111405983567,100.0,79.375
,,,,,,,,,,,,,,,,,,,,,6.422608509659767,6.487878128886223,0.004190450876194518,0.5805585258640349,100.0,81.875
,,,,,,,,,,,,,,,,,,,,,6.286890357732773,6.326555758714676,0.003622415657446254,0.5812789127230644,100.0,78.75
,,,,,,,,,,,,,,,,,,,,,6.349745735526085,6.373882710933685,0.0035214513409300707,0.6740410341881216,100.0,73.75
,,,,,,,,,,,,,,,,,,,,,6.297372728586197,6.22660006582737,0.003929650760255754,0.5706322296755388,100.0,79.375
,,,,,,,,,,,,,,,,,,,,,6.343131110072136,6.386679172515869,0.004021731001557782,0.5322394862305373,100.0,81.25
,,,,,,,,,,,,,,,,,,,,,6.401556044816971,6.3767834305763245,0.003767851008888101,0.5623003025539219,100.0,78.125
,,,,,,,,,,,,,,,,,,,,,6.342131122946739,6.274281233549118,0.003995573519205209,0.5805910350754857,100.0,81.25
,,,,,,,,,,,,,,,,,,,,,6.456493034958839,6.412971347570419,0.003864333062665537,0.5656024594791234,100.0,81.25
,,,,,,,,,,,,,,,,,,,,,6.334568798542023,6.314634516835213,0.0038666397013003007,0.5700891194865108,100.0,78.75
,,,,,,,,,,,,,,,,,,,,,6.263433575630188,6.246980756521225,0.0037091225531185046,0.610203203279525,100.0,76.25
,,,,,,,,,,,,,,,,,,,,,6.254741236567497,6.347172990441322,0.003872275337926112,0.5791827952489257,100.0,79.375
,,,,,,,,,,,,,,,,,,,,,6.183019310235977,6.407508015632629,0.0036545604452840053,0.7102044057101011,100.0,73.75
,,,,,,,,,,,,,,,,,,,,,6.256632700562477,6.381367564201355,0.003987523945397697,0.5561582089867443,100.0,83.125
,,,,,,,,,,,,,,,,,,,,,6.102758765220642,6.076616004109383,0.003730359661858529,0.5977348603773862,100.0,80.0
,,,,,,,,,,,,,,,,,,,,,6.3413369953632355,6.3418097496032715,0.003809472909779288,0.6791509808972478,100.0,76.25
,,,,,,,,,,,,,,,,,,,,,6.21858611702919,6.244470983743668,0.0034919053287012503,0.706922126468271,100.0,71.875
,,,,,,,,,,,,,,,,,,,,,6.075276210904121,6.107698768377304,0.0036574691730493214,0.6274953875690699,100.0,79.375
,,,,,,,,,,,,,,,,,,,,,5.963910952210426,5.976690858602524,0.0033680557971820235,0.5736204646527767,100.0,76.875
,,,,,,,,,,,,,,,,,,,,,6.047327667474747,5.956090822815895,0.003612425960454857,0.5816476499894634,100.0,76.875
,,,,,,,,,,,,,,,,,,,,,6.18511438369751,6.007009357213974,0.0036103606180404313,0.68144999910146,100.0,72.5
,,,,,,,,,,,,,,,,,,,,,6.220150858163834,6.1559856832027435,0.003698322136187926,0.6302623439114541,100.0,76.25
,,,,,,,,,,,,,,,,,,,,,6.088864132761955,6.115217998623848,0.0035083532420685515,0.5782250466290861,100.0,78.75
,,,,,,,,,,,,,,,,,,,,,6.05910761654377,6.217400431632996,0.0037448406365001574,0.6104537369683385,100.0,75.0
,,,,,,,,,,,,,,,,,,,,,6.1311579793691635,6.268362879753113,0.003681522597617004,0.49408760108053684,100.0,83.75
,,,,,,,,,,,,,,,,,,,,,6.180850133299828,6.254011735320091,0.003585234306228813,0.5637976480647922,100.0,77.5
,,,,,,,,,,,,,,,,,,,,,6.225850448012352,6.228908136487007,0.003610166888392996,0.6092798744793981,100.0,76.25
,,,,,,,,,,,,,,,,,,,,,6.119880482554436,6.110333234071732,0.0037971586134517565,0.5293077104724944,100.0,81.875
,,,,,,,,,,,,,,,,,,,,,6.136454194784164,6.009543880820274,0.003975099323724862,0.5062413156265393,100.0,83.125
,,,,,,,,,,,,,,,,,,,,,6.190902501344681,6.078100919723511,0.0034828424322768115,0.6024915310554206,100.0,75.625
,,,,,,,,,,,,,,,,,,,,,6.0880811512470245,6.032211273908615,0.0036046773166162893,0.6047015371732414,100.0,75.625
,,,,,,,,,,,,,,,,,,,,,6.328859895467758,6.248383939266205,0.003681200738355983,0.5421688286587596,100.0,75.0
,,,,,,,,,,,,,,,,,,,,,6.129834145307541,6.180951178073883,0.003564339851436671,0.6461175575386733,100.0,73.125
,,,,,,,,,,,,,,,,,,,,,6.343291684985161,6.307312682271004,0.0037815898504049983,0.5174001341219991,100.0,80.625
,,,,,,,,,,,,,,,,,,,,,6.293972223997116,6.256634876132011,0.0037076980006531812,0.5794546380639076,100.0,81.25
,,,,,,,,,,,,,,,,,,,,,6.204546093940735,6.211081027984619,0.003686797575937817,0.42955681355670094,100.0,83.75
,,,,,,,,,,,,,,,,,,,,,6.229753360152245,6.330755308270454,0.0038466751320811454,0.5081862481310964,100.0,81.25
,,,,,,,,,,,,,,,,,,,,,6.319576323032379,6.274382531642914,0.0038136959265102632,0.5512377745471895,100.0,75.625
,,,,,,,,,,,,,,,,,,,,,6.253580197691917,6.192467629909515,0.0036123484605923295,0.6757000116631389,100.0,73.75
,,,,,,,,,,,,,,,,,,,,,6.168684273958206,6.1808852553367615,0.0036008208844577894,0.48804650944657624,100.0,81.875
,,,,,,,,,,,,,,,,,,,,,6.256005495786667,6.25605334341526,0.003565689919923898,0.44446591893211007,100.0,81.875
,,,,,,,,,,,,,,,,,,,,,6.1623532474040985,6.234448313713074,0.0038879930798429996,0.5980990519747138,100.0,75.625
,,,,,,,,,,,,,,,,,,,,,6.050899878144264,6.089202374219894,0.0037900447932770476,0.6250705870334059,100.0,78.75
,,,,,,,,,,,,,,,,,,,,,6.210612371563911,6.153950750827789,0.003754380340978969,0.5662317359820008,100.0,78.75
,,,,,,,,,,,,,,,,,,,,,6.137182593345642,6.245815336704254,0.0035665303221321665,0.6563023098278791,100.0,70.0
,,,,,,,,,,,,,,,,,,,,,6.015384331345558,5.967118099331856,0.003943338997487444,0.590363783063367,100.0,76.875
,,,,,,,,,,,,,,,,,,,,,5.9903597086668015,6.0206300020217896,0.00356018244929146,0.6013974008383229,100.0,74.375
,,,,,,,,,,,,,,,,,,,,,6.152226209640503,6.261466830968857,0.003637677429651376,0.5190009740181267,100.0,80.0
,,,,,,,,,,,,,,,,,,,,,6.060188099741936,6.033349379897118,0.0038080930717114825,0.5978938061743975,100.0,76.25
,,,,,,,,,,,,,,,,,,,,,6.120851069688797,6.169220715761185,0.003744506830116734,0.6536642205901444,100.0,73.75
,,,,,,,,,,,,,,,,,,,,,6.044358059763908,6.159637436270714,0.003564533584722085,0.5434877986554056,100.0,83.125
,,,,,,,,,,,,,,,,,,,,,6.072700545191765,6.115028515458107,0.003837862612272147,0.5842587575316429,100.0,75.625
,,,,,,,,,,,,,,,,,,,,,6.1838934272527695,6.087699264287949,0.0036992728819313925,0.4748577557038516,100.0,86.25
,,,,,,,,,,,,,,,,,,,,,6.1732607036828995,6.140105277299881,0.0037123590445844457,0.4676750024082139,100.0,81.25
,,,,,,,,,,,,,,,,,,,,,6.153968766331673,6.137495622038841,0.00343730150416377,0.6298448792658746,100.0,73.75
,,,,,,,,,,,,,,,,,,,,,6.082707405090332,6.209718495607376,0.0033083528323913924,0.5431669924873859,100.0,82.5
,,,,,,,,,,,,,,,,,,,,,6.240155279636383,6.191988840699196,0.003803831317782169,0.6448214303236455,100.0,76.25
,,,,,,,,,,,,,,,,,,,,,6.23913186788559,6.288823649287224,0.0037357360051828437,0.6082699238322675,100.0,73.75
,,,,,,,,,,,,,,,,,,,,,6.022142678499222,6.151659578084946,0.003689721183036454,0.5146742910146713,100.0,78.125
,,,,,,,,,,,,,,,,,,,,,5.997175306081772,5.938726782798767,0.003462383152509574,0.41615564632229507,100.0,85.625
,,,,,,,,,,,,,,,,,,,,,6.013887971639633,5.889833971858025,0.0034986168320756406,0.6056486603338271,100.0,79.375
,,,,,,,,,,,,,,,,,,,,,5.990860342979431,6.079798296093941,0.0036042511273990385,0.6078571672551334,100.0,78.75
,,,,,,,,,,,,,,,,,,,,,5.8102937787771225,5.8586495667696,0.0036738097842317075,0.549725086428225,100.0,79.375
,,,,,,,,,,,,,,,,,,,,,5.8500553369522095,5.869754403829575,0.0035831510977004655,0.6324729628395289,100.0,78.75
,,,,,,,,,,,,,,,,,,,,,5.967659905552864,6.033500075340271,0.0034183919306087773,0.663336266996339,100.0,78.125
,,,,,,,,,,,,,,,,,,,,,5.990369334816933,6.051316812634468,0.0035891324369003996,0.6175448328722268,100.0,77.5
,,,,,,,,,,,,,,,,,,,,,5.903637453913689,6.19572114944458,0.003437700856011361,0.5961892860941589,100.0,76.25
,,,,,,,,,,,,,,,,,,,,,6.1552959233522415,6.047609329223633,0.0034248382071382366,0.52197470725514,100.0,81.875
,,,,,,,,,,,,,,,,,,,,,6.004727736115456,6.003831788897514,0.0035982430053991266,0.6046868346165866,100.0,73.75
,,,,,,,,,,,,,,,,,,,,,6.0190374702215195,5.968070864677429,0.0035546243452699855,0.5486775531899184,100.0,78.125
,,,,,,,,,,,,,,,,,,,,,5.916717067360878,6.0224452167749405,0.003382805000001099,0.5447100149467587,100.0,80.0
,,,,,,,,,,,,,,,,,,,,,6.14191997051239,6.1105057299137115,0.003656062464870047,0.5119036072865129,100.0,80.0
,,,,,,,,,,,,,,,,,,,,,6.038770452141762,6.0065339505672455,0.0035308301521581598,0.4688772161025554,100.0,87.5
,,,,,,,,,,,,,,,,,,,,,6.103641465306282,6.0128821432590485,0.0034859120787587017,0.518353384686634,100.0,78.125
,,,,,,,,,,,,,,,,,,,,,5.961407840251923,6.029740959405899,0.003622019288741285,0.4559546255040914,100.0,85.0
,,,,,,,,,,,,,,,,,,,,,5.996632128953934,5.975396692752838,0.003595975027565146,0.5542332378681749,100.0,80.625
,,,,,,,,,,,,,,,,,,,,,6.058467343449593,6.0390181839466095,0.0034934759023599327,0.4545732808765024,100.0,81.875
,,,,,,,,,,,,,,,,,,,,,5.972683146595955,5.941511005163193,0.003128397456748644,0.49828711431473494,100.0,82.5
,,,,,,,,,,,,,,,,,,,,,5.860185727477074,5.958062991499901,0.003789412963669747,0.6807624141220003,100.0,76.875
,,,,,,,,,,,,,,,,,,,,,5.931020796298981,5.991330176591873,0.0035007894148293417,0.6203315980965272,100.0,76.875
,,,,,,,,,,,,,,,,,,,,,6.025546178221703,5.988381892442703,0.0036222219350747764,0.5047009357949719,100.0,81.875
,,,,,,,,,,,,,,,,,,,,,6.0132222175598145,5.915956020355225,0.0037696391227655113,0.3818163692485541,100.0,89.375
,,,,,,,,,,,,,,,,,,,,,5.893182650208473,5.991534054279327,0.0034171670413343236,0.6071623889729381,100.0,75.625
,,,,,,,,,,,,,,,,,,,,,6.020036906003952,5.883354470133781,0.0035048842582909856,0.690616657724604,100.0,74.375
,,,,,,,,,,,,,,,,,,,,,5.95663420855999,5.928116366267204,0.003410178418562282,0.4841476319124922,100.0,84.375
,,,,,,,,,,,,,,,,,,,,,5.988582119345665,5.932414770126343,0.0033024788135662675,0.4671562355943024,100.0,86.875
,,,,,,,,,,,,,,,,,,,,,6.072442755103111,6.0146613866090775,0.003343361611769069,0.63095787842758,100.0,76.25
,,,,,,,,,,,,,,,,,,,,,5.975576996803284,5.994179829955101,0.003332799664349295,0.47518029576167464,100.0,79.375
,,,,,,,,,,,,,,,,,,,,,6.031384915113449,6.198410123586655,0.0031127929833019152,0.45643720135558397,100.0,85.0
,,,,,,,,,,,,,,,,,,,,,6.012843683362007,6.011694565415382,0.003542602054949384,0.4912207806482911,100.0,83.75
,,,,,,,,,,,,,,,,,,,,,5.8878896832466125,6.0545902997255325,0.0031365782124339603,0.5361893697991036,100.0,78.75
,,,,,,,,,,,,,,,,,,,,,5.903568223118782,6.0736610889434814,0.003032258144230582,0.5546217054361477,100.0,80.0
,,,,,,,,,,,,,,,,,,,,,6.170133650302887,6.218143597245216,0.003745493260794319,0.530220861081034,100.0,76.875
,,,,,,,,,,,,,,,,,,,,,6.179843917489052,6.104728013277054,0.003288453837740235,0.4247626573778689,100.0,85.0
,,,,,,,,,,,,,,,,,,,,,5.97589473426342,6.045318245887756,0.0032614886840747204,0.6040748786181211,100.0,76.875
,,,,,,,,,,,,,,,,,,,,,6.19878377020359,6.100212931632996,0.003208827940397896,0.5070265473332256,100.0,80.625
,,,,,,,,,,,,,,,,,,,,,6.021937310695648,6.043423622846603,0.0035859466006513685,0.5267101090867072,100.0,78.125
,,,,,,,,,,,,,,,,,,,,,6.1320120841264725,6.178184047341347,0.0036639690661104396,0.5816311638336629,100.0,78.125
,,,,,,,,,,,,,,,,,,,,,6.09967078268528,6.060489743947983,0.0033524066020618193,0.5222643902525306,100.0,80.0
,,,,,,,,,,,,,,,,,,,,,5.980674788355827,6.054219514131546,0.003492161638860125,0.626619725022465,100.0,80.0
,,,,,,,,,,,,,,,,,,,,,6.155972003936768,6.220927461981773,0.003335088495077798,0.5440898372326046,100.0,76.25
,,,,,,,,,,,,,,,,,,,,,6.021314337849617,6.029709696769714,0.003431117504078429,0.5556515767239034,100.0,80.0
,,,,,,,,,,,,,,,,,,,,,6.0966911762952805,6.139009565114975,0.0033714055971358903,0.4985255117644556,100.0,84.375
,,,,,,,,,,,,,,,,,,,,,6.149573266506195,5.896290868520737,0.003484466655208962,0.47475463920272887,100.0,83.125
,,,,,,,,,,,,,,,,,,,,,6.055263623595238,6.140434876084328,0.003368532648892142,0.47271375032141805,100.0,81.25
,,,,,,,,,,,,,,,,,,,,,6.0398950278759,5.897610157728195,0.0037397682754090056,0.5583941229851916,100.0,81.875
,,,,,,,,,,,,,,,,,,,,,6.023657202720642,6.10982920229435,0.0032153844731510617,0.5401820624247193,100.0,79.375
,,,,,,,,,,,,,,,,,,,,,6.042163446545601,6.056626588106155,0.003377458455361193,0.40666183014400303,100.0,84.375
,,,,,,,,,,,,,,,,,,,,,5.995801895856857,5.996142819523811,0.0036121696102782153,0.6277807485312223,100.0,75.625
,,,,,,,,,,,,,,,,,,,,,6.028158113360405,6.069475218653679,0.00346055625777808,0.5452350394334644,100.0,81.875
,,,,,,,,,,,,,,,,,,,,,5.990670099854469,5.932707607746124,0.003216826902644243,0.5451033723074943,100.0,81.875
,,,,,,,,,,,,,,,,,,,,,5.9120046347379684,5.980080038309097,0.0036550969161908142,0.5357626945478842,100.0,78.125
,,,,,,,,,,,,,,,,,,,,,5.920656606554985,5.883846044540405,0.0035740494859055616,0.48926690465305,100.0,81.875
,,,,,,,,,,,,,,,,,,,,,5.949433460831642,6.01119963824749,0.0034390926448395476,0.5401307684369385,100.0,79.375
,,,,,,,,,,,,,,,,,,,,,5.950939983129501,5.994154393672943,0.003725099566509016,0.468785933800973,100.0,85.0
,,,,,,,,,,,,,,,,,,,,,6.051794275641441,6.149591729044914,0.0036322891828604043,0.4499533879570663,100.0,81.875
,,,,,,,,,,,,,,,,,,,,,6.11148875951767,6.090390920639038,0.003514432904921705,0.4615807904629037,100.0,85.625
,,,,,,,,,,,,,,,,,,,,,6.000744536519051,5.999191999435425,0.0033900916459970176,0.5836032547522336,100.0,75.0
,,,,,,,,,,,,,,,,,,,,,6.194131150841713,6.156800702214241,0.0034544676236691885,0.5498343743383884,100.0,77.5
,,,,,,,,,,,,,,,,,,,,,6.060341581702232,6.0230352729558945,0.003572285182599444,0.4080968719208613,100.0,86.25
,,,,,,,,,,,,,,,,,,,,,6.227253824472427,6.1727163046598434,0.003318792580103036,0.5473854950396344,100.0,80.625
,,,,,,,,,,,,,,,,,,,,,6.093314290046692,6.113013908267021,0.0035610377599368803,0.4797745163086802,100.0,83.125
,,,,,,,,,,,,,,,,,,,,,6.409528389573097,6.287913426756859,0.0033800721394072752,0.5092041605967097,100.0,84.375
,,,,,,,,,,,,,,,,,,,,,6.337186321616173,6.373205900192261,0.0033617168737691827,0.5150801506824791,100.0,83.125
,,,,,,,,,,,,,,,,,,,,,6.137969613075256,6.348982572555542,0.00350476204403094,0.4775369670242071,100.0,80.0
,,,,,,,,,,,,,,,,,,,,,6.389207378029823,6.295039936900139,0.003413304682908347,0.49469874415080994,100.0,80.625
,,,,,,,,,,,,,,,,,,,,,6.384728953242302,6.3387240171432495,0.0033945500872505363,0.518906416837126,100.0,81.25
,,,,,,,,,,,,,,,,,,,,,6.434895873069763,6.2006747126579285,0.0032263279063045047,0.548338326625526,100.0,76.875
,,,,,,,,,,,,,,,,,,,,,6.3374756425619125,6.40906748175621,0.0036947041953681037,0.5857525786850601,100.0,78.125
,,,,,,,,,,,,,,,,,,,,,6.3063318729400635,6.279927626252174,0.0035150230323779397,0.424527078284882,100.0,86.25
,,,,,,,,,,,,,,,,,,,,,6.266244187951088,6.071423456072807,0.003230118742067134,0.4226851435378194,100.0,86.25
,,,,,,,,,,,,,,,,,,,,,6.1870280504226685,6.135828509926796,0.0032401949174527545,0.40412885299883783,100.0,88.75
,,,,,,,,,,,,,,,,,,,,,6.156383261084557,6.2281239330768585,0.0034439861628925428,0.4147045302670449,100.0,84.375
,,,,,,,,,,,,,,,,,,,,,5.9312217980623245,5.989568918943405,0.003306892525870353,0.41832896159030497,100.0,86.875
,,,,,,,,,,,,,,,,,,,,,6.009146466851234,5.973228394985199,0.0032805264090711717,0.5212891162955202,100.0,81.875
,,,,,,,,,,,,,,,,,,,,,6.078355252742767,6.088078260421753,0.0036084056046092883,0.5302583202719688,100.0,78.75
,,,,,,,,,,,,,,,,,,,,,5.918763503432274,5.827616333961487,0.0037036746871308424,0.5039236673619598,100.0,79.375
,,,,,,,,,,,,,,,,,,,,,5.844164222478867,5.83092674612999,0.003320524116134038,0.3879195179324597,100.0,86.25
,,,,,,,,,,,,,,,,,,,,,5.891816556453705,5.922933176159859,0.0031950354532455094,0.561956740450114,100.0,76.25
,,,,,,,,,,,,,,,,,,,,,5.693427503108978,5.59910349547863,0.0032382965182478074,0.4138727125246078,100.0,86.25
,,,,,,,,,,,,,,,,,,,,,5.801990956068039,5.915215328335762,0.003452134125836892,0.5488912696018815,100.0,83.125
,,,,,,,,,,,,,,,,,,,,,5.82097601890564,5.834943547844887,0.0037197053316049278,0.45434930734336376,100.0,83.75
,,,,,,,,,,,,,,,,,,,,,5.810584217309952,5.8370071798563,0.00316518843465019,0.5930468805599958,100.0,78.125
,,,,,,,,,,,,,,,,,,,,,5.726983651518822,6.005346208810806,0.003304448717244668,0.49936047778464854,100.0,76.875
,,,,,,,,,,,,,,,,,,,,,5.774563014507294,5.754956632852554,0.003197538862877991,0.5413708173437044,100.0,77.5
,,,,,,,,,,,,,,,,,,,,,5.897603780031204,5.707526013255119,0.003893688328389544,0.4867184634786099,100.0,81.25
,,,,,,,,,,,,,,,,,,,,,6.018794000148773,6.025450274348259,0.003116115927696228,0.408110567368567,100.0,85.625
,,,,,,,,,,,,,,,,,,,,,5.853303477168083,5.7329703867435455,0.0032890558286453597,0.5986087379278615,100.0,77.5
,,,,,,,,,,,,,,,,,,,,,6.032173365354538,6.050772935152054,0.003250083333114162,0.4423181986203417,100.0,86.25
,,,,,,,,,,,,,,,,,,,,,5.9372435957193375,5.933615520596504,0.0033839494208223186,0.4317740062251687,100.0,81.25
,,,,,,,,,,,,,,,,,,,,,5.978976204991341,5.985434010624886,0.003395560368517181,0.43355275341309607,100.0,83.125
,,,,,,,,,,,,,,,,,,,,,6.1102369874715805,6.019202083349228,0.0036455035224207677,0.6184028247953393,100.0,71.875
,,,,,,,,,,,,,,,,,,,,,5.971616208553314,6.102944806218147,0.003450301301199943,0.47504814341664314,100.0,81.875
,,,,,,,,,,,,,,,,,,,,,6.115538001060486,6.065337508916855,0.003201389296009438,0.44515310268616304,100.0,84.375
,,,,,,,,,,,,,,,,,,,,,6.046181753277779,6.153556481003761,0.003044506900550914,0.47948527219705284,100.0,83.75
,,,,,,,,,,,,,,,,,,,,,6.165706679224968,6.126736804842949,0.003256034877267666,0.5965338195674121,100.0,75.625
,,,,,,,,,,,,,,,,,,,,,6.1750007420778275,6.180573016405106,0.00335648953114287,0.5844275674317032,100.0,78.125
,,,,,,,,,,,,,,,,,,,,,6.150001615285873,6.191769897937775,0.003199610120645957,0.3874496684875339,100.0,85.0
,,,,,,,,,,,,,,,,,,,,,5.969018250703812,6.065346822142601,0.0030411839361477178,0.41588989936280996,100.0,86.875
,,,,,,,,,,,,,,,,,,,,,6.057626590132713,6.099430531263351,0.003472441418125527,0.40026643336750567,100.0,85.0
,,,,,,,,,,,,,,,,,,,,,6.100001394748688,6.153832316398621,0.0034225523559143767,0.5126444962807,100.0,79.375
,,,,,,,,,,,,,,,,,,,,,6.09971858561039,6.008821353316307,0.0036772221283172257,0.4753366382792592,100.0,83.75
,,,,,,,,,,,,,,,,,,,,,6.027558013796806,5.990892261266708,0.0033667802817944903,0.530227058683522,100.0,80.0
,,,,,,,,,,,,,,,,,,,,,6.010874092578888,5.874885976314545,0.003553739170456538,0.5840339013375342,100.0,76.875
,,,,,,,,,,,,,,,,,,,,,5.92473241686821,5.890589267015457,0.0034551292628748342,0.4836724123451859,100.0,85.0
,,,,,,,,,,,,,,,,,,,,,5.971032381057739,5.867496639490128,0.0031243800913216546,0.41250092966947705,100.0,84.375
,,,,,,,,,,,,,,,,,,,,,5.8807109743356705,5.822139501571655,0.0033800631572376005,0.6279479416552931,100.0,78.75
,,,,,,,,,,,,,,,,,,,,,5.940523117780685,5.748697832226753,0.0033151119969261345,0.37753653072286397,100.0,86.875
,,,,,,,,,,,,,,,,,,,,,5.757509723305702,5.806947961449623,0.0032330274480045773,0.4642272045603022,100.0,83.75
,,,,,,,,,,,,,,,,,,,,,5.881622642278671,5.907870918512344,0.0033526569604873657,0.4912631878396496,100.0,82.5
,,,,,,,,,,,,,,,,,,,,,5.87151201069355,5.914919167757034,0.0029778897915093694,0.5559045558329672,100.0,79.375
,,,,,,,,,,,,,,,,,,,,,5.890966519713402,5.758657589554787,0.0034492611957830377,0.5049071360845119,100.0,78.75
,,,,,,,,,,,,,,,,,,,,,5.851867571473122,5.697523713111877,0.0034916817749035545,0.40685253974515945,100.0,83.125
,,,,,,,,,,,,,,,,,,,,,5.7985768765211105,5.829262375831604,0.0029257744463393465,0.40411984897218645,100.0,83.75
,,,,,,,,,,,,,,,,,,,,,5.71296201646328,5.82068894803524,0.0033508330707263667,0.5233181479852647,100.0,80.625
,,,,,,,,,,,,,,,,,,,,,5.7536731362342834,5.878749743103981,0.002987378837133292,0.5730904205702245,100.0,77.5
,,,,,,,,,,,,,,,,,,,,,5.838859736919403,5.82960744202137,0.0032230257711489685,0.45130808011163026,100.0,85.0
,,,,,,,,,,,,,,,,,,,,,5.823384016752243,5.760839819908142,0.003515023003274109,0.3755761835491285,100.0,87.5
,,,,,,,,,,,,,,,,,,,,,5.7708394676446915,5.75293043255806,0.0035453378877718933,0.5499989587115124,100.0,77.5
,,,,,,,,,,,,,,,,,,,,,5.776710659265518,5.729854300618172,0.0031117647667997517,0.4936368316411972,100.0,83.125
,,,,,,,,,,,,,,,,,,,,,5.797851145267487,5.748070403933525,0.0034811645637091715,0.411589530762285,100.0,86.25
,,,,,,,,,,,,,,,,,,,,,5.796083673834801,5.820732370018959,0.0036466151686909143,0.4146724910242483,100.0,83.75
,,,,,,,,,,,,,,,,,,,,,5.77912575006485,5.717184841632843,0.0032578617356193718,0.41370138456113636,100.0,86.875
,,,,,,,,,,,,,,,,,,,,,5.933553859591484,5.828672364354134,0.003284996721049538,0.39771039597690105,100.0,87.5
,,,,,,,,,,,,,,,,,,,,,5.819525510072708,5.840554267168045,0.003045001649297774,0.48252990655601025,100.0,83.75
,,,,,,,,,,,,,,,,,,,,,5.984799176454544,5.819155886769295,0.0033336490523652174,0.4335974561981857,100.0,81.875
,,,,,,,,,,,,,,,,,,,,,5.842872887849808,5.92655348777771,0.0033993571996688843,0.46044550789520144,100.0,81.25
,,,,,,,,,,,,,,,,,,,,,5.826908394694328,5.766733810305595,0.0034090936642314773,0.47592094191350043,100.0,85.0
,,,,,,,,,,,,,,,,,,,,,5.834044113755226,5.865649119019508,0.0032176345339394175,0.41595540882553905,100.0,85.625
,,,,,,,,,,,,,,,,,,,,,5.840835213661194,5.802492544054985,0.0033604294039832894,0.36572273855563253,100.0,85.625
,,,,,,,,,,,,,,,,,,,,,6.0060814917087555,6.076006203889847,0.0035468280366330873,0.7126780175603926,100.0,74.375
,,,,,,,,,,,,,,,,,,,,,5.953056648373604,5.982336416840553,0.0031527221435680985,0.4974833857268095,100.0,76.25
,,,,,,,,,,,,,,,,,,,,,6.1405199021101,6.054110124707222,0.0036181270916131325,0.4592191558331251,100.0,83.125
,,,,,,,,,,,,,,,,,,,,,5.998392507433891,5.943117395043373,0.002801379556331085,0.3616988891735673,100.0,88.125
,,,,,,,,,,,,,,,,,,,,,5.901362493634224,6.021988645195961,0.0034287005837541074,0.5436700475402176,100.0,78.75
,,,,,,,,,,,,,,,,,,,,,6.015301495790482,5.9811966717243195,0.0032575517834629864,0.46078220941126347,100.0,82.5
,,,,,,,,,,,,,,,,,,,,,6.0044714361429214,6.015557020902634,0.0033935278643184574,0.45461663068272173,100.0,83.125
,,,,,,,,,,,,,,,,,,,,,5.9198979288339615,5.878246679902077,0.0034193694300483912,0.4454388765152544,100.0,83.125
,,,,,,,,,,,,,,,,,,,,,6.058906316757202,6.011897772550583,0.003282433761341963,0.4061243641190231,100.0,84.375
,,,,,,,,,,,,,,,,,,,,,6.170720398426056,6.052051141858101,0.0032812744575494435,0.5645201131701469,100.0,76.25
,,,,,,,,,,,,,,,,,,,,,6.243572250008583,6.013593599200249,0.0031822383461985737,0.6162396415602416,100.0,78.125
,,,,,,,,,,,,,,,,,,,,,5.959159031510353,5.9545513689517975,0.0034084617800544947,0.5051972621295135,100.0,83.125
,,,,,,,,,,,,,,,,,,,,,5.975039333105087,5.924118801951408,0.0028096020196244353,0.4940528192091733,100.0,81.875
,,,,,,,,,,,,,,,,,,,,,5.987007886171341,5.973002418875694,0.0036352396055008285,0.5039059685077518,100.0,82.5
,,,,,,,,,,,,,,,,,,,,,5.805546507239342,5.896453112363815,0.0031345695279014762,0.36468988668639213,100.0,87.5
,,,,,,,,,,,,,,,,,,,,,6.033846095204353,5.887113496661186,0.0030213981663109735,0.43678957456722856,100.0,85.0
,,,,,,,,,,,,,,,,,,,,,5.831060960888863,5.843469202518463,0.0031304597869166173,0.38205999811179936,100.0,88.125
,,,,,,,,,,,,,,,,,,,,,5.793279215693474,5.846716418862343,0.0028942972494405694,0.402421826031059,100.0,86.875
,,,,,,,,,,,,,,,,,,,,,5.731558710336685,5.706700965762138,0.003225469608878484,0.40287555020768195,100.0,86.25
,,,,,,,,,,,,,,,,,,,,,5.775624245405197,5.702756240963936,0.0030536025733454153,0.39488431450445205,100.0,85.0
,,,,,,,,,,,,,,,,,,,,,5.788503751158714,5.791333049535751,0.003045400993869407,0.44531381560955197,100.0,80.625
,,,,,,,,,,,,,,,,,,,,,5.850086018443108,5.780308499932289,0.003218224665033631,0.4420821890234947,100.0,84.375
,,,,,,,,,,,,,,,,,,,,,5.809204176068306,5.856474831700325,0.0029128640962881036,0.4933171502780169,100.0,83.75
,,,,,,,,,,,,,,,,,,,,,5.7749920934438705,5.707468703389168,0.0034024417473119684,0.5684862323687412,100.0,78.75
,,,,,,,,,,,,,,,,,,,,,5.8037350326776505,5.834977433085442,0.0029470890876837075,0.5001381796319038,100.0,80.625
,,,,,,,,,,,,,,,,,,,,,5.910184755921364,5.8583633452653885,0.0036702156030514743,0.4736611684784293,100.0,79.375
,,,,,,,,,,,,,,,,,,,,,5.9064412117004395,5.809705600142479,0.0027932494776905514,0.4330695553217083,100.0,83.125
,,,,,,,,,,,,,,,,,,,,,5.886819377541542,5.774379998445511,0.00329206884271116,0.42581238446291536,100.0,84.375
,,,,,,,,,,,,,,,,,,,,,5.987923339009285,5.999020591378212,0.002981001147418283,0.4263715617125854,100.0,90.625
,,,,,,,,,,,,,,,,,,,,,6.0237627774477005,6.032812193036079,0.002986803636304103,0.4331600160803646,100.0,86.25
,,,,,,,,,,,,,,,,,,,,,5.949388355016708,6.000606074929237,0.002712923287617741,0.42549356480594724,100.0,81.25
,,,,,,,,,,,,,,,,,,,,,6.150419443845749,6.157607823610306,0.0029787331877741963,0.3282906149979681,100.0,86.875
,,,,,,,,,,,,,,,,,,,,,6.092841476202011,6.0993171483278275,0.003034126748389099,0.5065077289473265,100.0,80.0
,,,,,,,,,,,,,,,,,,,,,5.991536661982536,6.020147651433945,0.003153324119921308,0.5078048005816527,100.0,78.125
,,,,,,,,,,,,,,,,,,,,,6.093078389763832,5.9723784774541855,0.003126341092865914,0.4524322699289769,100.0,81.875
,,,,,,,,,,,,,,,,,,,,,5.893620118498802,5.929020538926125,0.0031353175472759176,0.4802309335209429,100.0,82.5
,,,,,,,,,,,,,,,,,,,,,6.160922512412071,5.951298460364342,0.0031155586329987273,0.41104653710499406,100.0,85.0
,,,,,,,,,,,,,,,,,,,,,6.047420293092728,6.042422533035278,0.00331431327140308,0.5294397327816114,100.0,76.25
,,,,,,,,,,,,,,,,,,,,,5.956907823681831,5.911473646759987,0.002799379850330297,0.41903282116982155,100.0,83.125
,,,,,,,,,,,,,,,,,,,,,6.166375830769539,6.080287948250771,0.003122162805084372,0.47363368805963546,100.0,81.25
,,,,,,,,,,,,,,,,,,,,,6.100113049149513,5.9520556181669235,0.0030510187170875724,0.34070733457338065,100.0,85.625
,,,,,,,,,,,,,,,,,,,,,6.079526409506798,5.9523308873176575,0.002960842837637756,0.5143411958124489,100.0,81.875
,,,,,,,,,,,,,,,,,,,,,6.017034128308296,5.890589743852615,0.0032177239627344534,0.6085847889771685,100.0,75.625
,,,,,,,,,,,,,,,,,,,,,6.10020312666893,5.9553602039813995,0.0029996484336152207,0.39323831838555634,100.0,85.0
,,,,,,,,,,,,,,,,,,,,,6.022737592458725,5.977074325084686,0.0028657227849180344,0.43622421473264694,100.0,83.125
,,,,,,,,,,,,,,,,,,,,,6.0622992515563965,6.087338134646416,0.0029918521522631636,0.4781742475461215,100.0,83.125
,,,,,,,,,,,,,,,,,,,,,6.115781843662262,6.047466769814491,0.0032198995431826916,0.3691373395267874,100.0,86.875
,,,,,,,,,,,,,,,,,,,,,6.080185532569885,6.045590832829475,0.0031836300768190995,0.5527044400805607,100.0,80.0
,,,,,,,,,,,,,,,,,,,,,6.083625838160515,6.045576766133308,0.002934062473286758,0.5461627698969096,100.0,78.75
,,,,,,,,,,,,,,,,,,,,,6.1575178653001785,6.092818111181259,0.002777248613710981,0.4705562079907395,100.0,84.375
,,,,,,,,,,,,,,,,,,,,,6.069246396422386,6.146610140800476,0.002846294613846112,0.44319842068944126,100.0,81.875
,,,,,,,,,,,,,,,,,,,,,6.122848749160767,6.136433258652687,0.003223112249543192,0.5355255620088428,100.0,77.5
,,,,,,,,,,,,,,,,,,,,,6.2117161601781845,6.08410619199276,0.003383588780707214,0.456802160711959,100.0,84.375
,,,,,,,,,,,,,,,,,,,,,6.075627088546753,6.141966789960861,0.0028424084302969277,0.595020082546398,100.0,80.0
,,,,,,,,,,,,,,,,,,,,,6.179045736789703,6.207670345902443,0.003221243645384675,0.38588222331600264,100.0,84.375
,,,,,,,,,,,,,,,,,,,,,6.229452595114708,6.157845959067345,0.0029974132776260376,0.3584748466964811,100.0,91.25
,,,,,,,,,,,,,,,,,,,,,6.016832709312439,5.970404833555222,0.003225678221497219,0.40252204157877713,100.0,85.0
,,,,,,,,,,,,,,,,,,,,,6.074608564376831,6.247192472219467,0.0030093640125414822,0.5046990651753731,100.0,81.25
,,,,,,,,,,,,,,,,,,,,,6.187005594372749,6.1500756442546844,0.0031616329833923373,0.38630865165032446,100.0,86.25
,,,,,,,,,,,,,,,,,,,,,6.065824508666992,6.135761708021164,0.0032622516264382284,0.4467239638324827,100.0,83.125
,,,,,,,,,,,,,,,,,,,,,6.037426590919495,6.0755965411663055,0.002869659678253811,0.4276133489329368,100.0,83.125
,,,,,,,,,,,,,,,,,,,,,6.127507209777832,6.017807841300964,0.0031329006123996805,0.448299175594002,100.0,84.375
,,,,,,,,,,,,,,,,,,,,,6.094699382781982,6.082293197512627,0.003330501902382821,0.39569596061483026,100.0,86.875
,,,,,,,,,,,,,,,,,,,,,6.275297865271568,6.193881273269653,0.0033650189434411004,0.41146426962222904,100.0,87.5
,,,,,,,,,,,,,,,,,,,,,6.09907591342926,6.053647384047508,0.003258729015215067,0.4473973282147199,100.0,81.875
,,,,,,,,,,,,,,,,,,,,,6.046998485922813,5.977940052747726,0.002840769273461774,0.43942972260992974,100.0,81.875
,,,,,,,,,,,,,,,,,,,,,6.168914943933487,6.166089281439781,0.0032338708988390863,0.4663332423660904,100.0,78.125
,,,,,,,,,,,,,,,,,,,,,5.997477829456329,6.018194109201431,0.0032822400207805913,0.3990927485283464,100.0,82.5
,,,,,,,,,,,,,,,,,,,,,5.921029806137085,5.98216912150383,0.003550362616806524,0.4310378065565601,100.0,83.75
,,,,,,,,,,,,,,,,,,,,,5.975404262542725,5.985091358423233,0.002914503224019427,0.4269633216317743,100.0,84.375
,,,,,,,,,,,,,,,,,,,,,5.829853266477585,5.927345961332321,0.0029956311009300407,0.46632208058144897,100.0,81.25
,,,,,,,,,,,,,,,,,,,,,5.919898152351379,5.858939006924629,0.003070965387450997,0.3915397225646302,100.0,85.0
,,,,,,,,,,,,,,,,,,,,,5.887421518564224,5.8059103190898895,0.0028445363095670473,0.5445904670632444,100.0,83.75
,,,,,,,,,,,,,,,,,,,,,5.775936841964722,5.871509537100792,0.002771252406091662,0.3547546430490911,100.0,88.75
,,,,,,,,,,,,,,,,,,,,,5.685830965638161,5.710576355457306,0.002796548607875593,0.45147342851851135,100.0,85.0
,,,,,,,,,,,,,,,,,,,,,5.787672609090805,5.764479294419289,0.0028713047613564413,0.5629464368685149,100.0,81.25
,,,,,,,,,,,,,,,,,,,,,5.806159198284149,5.7544045597314835,0.0028707921264867764,0.45826414809562266,100.0,83.125
,,,,,,,,,,,,,,,,,,,,,5.914245069026947,5.904299721121788,0.002769955990515882,0.4084330560872331,100.0,86.25
,,,,,,,,,,,,,,,,,,,,,5.923578560352325,5.923651546239853,0.002569782725913683,0.39605239126831293,100.0,86.25
,,,,,,,,,,,,,,,,,,,,,5.9207752496004105,5.879148527979851,0.002860325537767494,0.3796013288665563,100.0,85.625
,,,,,,,,,,,,,,,,,,,,,5.856867477297783,5.789340764284134,0.002582657332823146,0.3847684623906389,100.0,85.625
,,,,,,,,,,,,,,,,,,,,,6.147064045071602,6.145654618740082,0.0032675415204721503,0.3512251783395186,100.0,86.875
,,,,,,,,,,,,,,,,,,,,,6.096697971224785,6.1220279186964035,0.002827960255672224,0.4053970917593688,100.0,83.75
,,,,,,,,,,,,,,,,,,,,,6.237795174121857,6.206713601946831,0.003008204668731196,0.43848392670042813,100.0,82.5
,,,,,,,,,,,,,,,,,,,,,6.210709646344185,6.255114287137985,0.0029727816618105862,0.538810771657154,100.0,81.875
,,,,,,,,,,,,,,,,,,,,,6.269647166132927,6.250399559736252,0.002915433047746774,0.3639601956238039,100.0,86.875
,,,,,,,,,,,,,,,,,,,,,6.346131324768066,6.2431264370679855,0.0028762787442246918,0.44260815833695233,100.0,81.25
,,,,,,,,,,,,,,,,,,,,,6.173656851053238,6.2754316329956055,0.002635160068166442,0.3710543808992952,100.0,88.125
,,,,,,,,,,,,,,,,,,,,,6.180231839418411,6.171079069375992,0.0031177848431980237,0.4321751198731363,100.0,86.25
,,,,,,,,,,,,,,,,,,,,,6.262462764978409,6.329159587621689,0.0029552608757512644,0.3869280657963827,100.0,85.625
,,,,,,,,,,,,,,,,,,,,,6.284313544631004,6.3433163315057755,0.0027327924926794367,0.4163702074147295,100.0,81.875
,,,,,,,,,,,,,,,,,,,,,6.346963703632355,6.341531038284302,0.0028804123430745676,0.4636414146516472,100.0,79.375
,,,,,,,,,,,,,,,,,,,,,6.1907594203948975,6.1811912804841995,0.0028686493751592934,0.4608730592299253,100.0,83.125
,,,,,,,,,,,,,,,,,,,,,6.311297208070755,6.2687914073467255,0.002981102457852103,0.4466891286429018,100.0,83.125
,,,,,,,,,,,,,,,,,,,,,6.278456524014473,6.270808666944504,0.0027307510426908266,0.4389453519252129,100.0,82.5
,,,,,,,,,,,,,,,,,,,,,6.227082699537277,6.276350721716881,0.002706345901970053,0.4475989438360557,100.0,82.5
,,,,,,,,,,,,,,,,,,,,,6.13216133415699,6.072424754500389,0.00265102382763871,0.48891692515462637,100.0,81.875
,,,,,,,,,,,,,,,,,,,,,6.369293704628944,6.395242989063263,0.002931356411863817,0.36421102136955597,100.0,88.75
,,,,,,,,,,,,,,,,,,,,,6.286680340766907,6.265934556722641,0.00273332895085332,0.46081734355539083,100.0,85.0
,,,,,,,,,,,,,,,,,,,,,6.137719377875328,6.249499097466469,0.0028433978659450077,0.5111069590784609,100.0,78.125
,,,,,,,,,,,,,,,,,,,,,6.246410146355629,6.169829353690147,0.0030579686172131915,0.392068077926524,100.0,84.375
,,,,,,,,,,,,,,,,,,,,,6.2666961550712585,6.273201629519463,0.0027995228992949706,0.3691498675616458,100.0,86.25
,,,,,,,,,,,,,,,,,,,,,6.269562050700188,6.188582003116608,0.0027099788130726665,0.37651682586874813,100.0,85.625
,,,,,,,,,,,,,,,,,,,,,6.275266572833061,6.206786617636681,0.0028455913343350403,0.477573539596051,100.0,85.0
,,,,,,,,,,,,,,,,,,,,,6.2017984837293625,6.0895413011312485,0.0028146505283075385,0.4556756259407848,100.0,84.375
,,,,,,,,,,,,,,,,,,,,,6.210243910551071,6.182366997003555,0.002767351266811602,0.514382820634637,100.0,80.0
,,,,,,,,,,,,,,,,,,,,,6.204000487923622,6.263224676251411,0.0028030425128235947,0.38095527281984687,100.0,84.375
,,,,,,,,,,,,,,,,,,,,,6.300687715411186,6.270815208554268,0.0032270699812215753,0.464214168372564,100.0,81.25
,,,,,,,,,,,,,,,,,,,,,6.095087707042694,6.037469774484634,0.0027242302930972073,0.507395438849926,100.0,85.0
,,,,,,,,,,,,,,,,,,,,,6.091518744826317,6.041723877191544,0.002643936863023555,0.4022389230085537,100.0,82.5
,,,,,,,,,,,,,,,,,,,,,6.001797094941139,6.141725942492485,0.0027884662049473263,0.418756939470768,100.0,83.125
,,,,,,,,,,,,,,,,,,,,,6.056378856301308,6.094193160533905,0.003107136522885412,0.5179425477981567,100.0,80.0
,,,,,,,,,,,,,,,,,,,,,5.946990147233009,5.853871673345566,0.0029472261740011163,0.38924907171167433,100.0,83.75
,,,,,,,,,,,,,,,,,,,,,6.010593190789223,6.133718654513359,0.002841213336068904,0.4114369796589017,100.0,86.25
,,,,,,,,,,,,,,,,,,,,,5.973696336150169,5.947959780693054,0.00266315938642947,0.40776260814163834,100.0,86.875
,,,,,,,,,,,,,,,,,,,,,5.988760203123093,6.032955840229988,0.002968686807435006,0.48168910411186516,100.0,82.5
,,,,,,,,,,,,,,,,,,,,,5.892646089196205,5.981767177581787,0.003042286620257073,0.435710126766935,100.0,82.5
,,,,,,,,,,,,,,,,,,,,,5.8187746703624725,5.9534346759319305,0.0030303836028906517,0.47502500703558326,100.0,78.75
,,,,,,,,,,,,,,,,,,,,,6.174047157168388,5.943162649869919,0.003063768148422241,0.476796536706388,100.0,81.875
,,,,,,,,,,,,,,,,,,,,,6.009170383214951,6.068158119916916,0.0032062470745586324,0.4453370264964178,100.0,85.0
,,,,,,,,,,,,,,,,,,,,,5.954532638192177,5.863902986049652,0.0029629290256707463,0.40811259124893695,100.0,82.5
,,,,,,,,,,,,,,,,,,,,,5.976693227887154,5.9857121258974075,0.0033526659208291676,0.3940271532628685,100.0,85.0
,,,,,,,,,,,,,,,,,,,,,5.932299301028252,6.035699665546417,0.002738931761996355,0.4020797568373382,100.0,83.125
,,,,,,,,,,,,,,,,,,,,,6.059136465191841,5.992785796523094,0.002892535922001116,0.39707229495979846,100.0,86.875
,,,,,,,,,,,,,,,,,,,,,6.069727450609207,6.20193849503994,0.0029737949334958103,0.44527967274188995,100.0,85.0
,,,,,,,,,,,,,,,,,,,,,6.081579506397247,5.944892033934593,0.00298501550059882,0.46579501952510327,100.0,80.0
,,,,,,,,,,,,,,,,,,,,,6.105739638209343,6.101358711719513,0.002848419524525525,0.34501582535449415,100.0,88.125
,,,,,,,,,,,,,,,,,,,,,6.082316428422928,6.034076690673828,0.0030359119045897387,0.49896327778697014,100.0,81.25
,,,,,,,,,,,,,,,,,,,,,5.976102188229561,6.039341405034065,0.0031418472426594235,0.38595886155962944,100.0,86.25
,,,,,,,,,,,,,,,,,,,,,5.973464399576187,6.079836517572403,0.0029782265519315843,0.5451609186129645,100.0,78.75
,,,,,,,,,,,,,,,,,,,,,6.150128796696663,6.226727515459061,0.002752462045464199,0.3490331670618616,100.0,87.5
,,,,,,,,,,,,,,,,,,,,,6.133169695734978,6.065308555960655,0.0030784308546571992,0.43229734315536916,100.0,85.625
,,,,,,,,,,,,,,,,,,,,,6.029403537511826,6.094032317399979,0.0025535613058309536,0.45423765829764307,100.0,83.125
,,,,,,,,,,,,,,,,,,,,,6.0276481956243515,6.086417779326439,0.002633130545291351,0.43566137948073447,100.0,81.25
,,,,,,,,,,,,,,,,,,,,,6.089422136545181,6.027837425470352,0.0029196888535807375,0.3605648452648893,100.0,84.375
,,,,,,,,,,,,,,,,,,,,,6.197029411792755,6.0225415378808975,0.0030747502969461493,0.46994731470476836,100.0,80.625
,,,,,,,,,,,,,,,,,,,,,6.040074601769447,6.088432788848877,0.0029145121552573983,0.43447475077118725,100.0,84.375
,,,,,,,,,,,,,,,,,,,,,6.134716138243675,6.095399871468544,0.0030235170961532276,0.5074716433882713,100.0,80.625
,,,,,,,,,,,,,,,,,,,,,6.162725776433945,6.07288920879364,0.002919396760262316,0.35475495748687536,100.0,87.5
,,,,,,,,,,,,,,,,,,,,,6.151794850826263,6.017873451113701,0.0029066056085866876,0.4450472774915397,100.0,83.75
,,,,,,,,,,,,,,,,,,,,,6.111696824431419,6.073007151484489,0.002915260185545776,0.3880400883499533,100.0,82.5
,,,,,,,,,,,,,,,,,,,,,6.1128930896520615,6.091404676437378,0.0026532083938946016,0.3772575098555535,100.0,85.0
,,,,,,,,,,,,,,,,,,,,,6.066360488533974,6.03819140791893,0.00257736742059933,0.3628570028231479,100.0,83.75
,,,,,,,,,,,,,,,,,,,,,6.0232561230659485,6.03680232167244,0.0027314931066939607,0.3728986251517199,100.0,90.0
,,,,,,,,,,,,,,,,,,,,,6.040110468864441,6.077310010790825,0.003049477923923405,0.38130086730234325,100.0,85.625
,,,,,,,,,,,,,,,,,,,,,6.019374385476112,6.097480863332748,0.003109917033725651,0.43458495422964916,100.0,81.875
,,,,,,,,,,,,,,,,,,,,,5.939259186387062,5.8679386377334595,0.003124943388684187,0.4007680467911996,100.0,81.875
,,,,,,,,,,,,,,,,,,,,,6.077150329947472,6.063758164644241,0.0030295699725684244,0.3969125231378712,100.0,86.25
,,,,,,,,,,,,,,,,,,,,,5.982328653335571,5.925931483507156,0.0027806460893771145,0.3884605332277715,100.0,86.25
,,,,,,,,,,,,,,,,,,,,,5.925990104675293,6.057451084256172,0.0027842879280797206,0.33132287580519915,100.0,91.875
,,,,,,,,,,,,,,,,,,,,,6.273909270763397,5.9694158881902695,0.0032969236781354994,0.3931294868234545,100.0,86.25
,,,,,,,,,,,,,,,,,,,,,5.972107172012329,5.852581292390823,0.0027121573712065583,0.36076461418997496,100.0,88.75
,,,,,,,,,,,,,,,,,,,,,6.0903895646333694,6.1014279425144196,0.0024545311844121898,0.42834041884634644,100.0,83.75
,,,,,,,,,,,,,,,,,,,,,6.039919599890709,6.138720661401749,0.0025495261088508414,0.41096994606778026,100.0,85.0
,,,,,,,,,,,,,,,,,,,,,6.104939311742783,6.153423771262169,0.002848806958354544,0.40445405221544206,100.0,85.0
,,,,,,,,,,,,,,,,,,,,,6.04630734026432,6.0208642184734344,0.0026198118866886944,0.5081970955943689,100.0,80.0
,,,,,,,,,,,,,,,,,,,,,5.927267417311668,5.821957096457481,0.002812764054397121,0.31637823150958866,100.0,90.0
,,,,,,,,,,,,,,,,,,,,,6.018216609954834,6.029840335249901,0.002634504449815722,0.4233380858786404,100.0,85.0
,,,,,,,,,,,,,,,,,,,,,6.001038908958435,5.93059304356575,0.002662438160768943,0.4203584309434518,100.0,84.375
,,,,,,,,,,,,,,,,,,,,,6.053842842578888,5.965784892439842,0.0031141668878262863,0.4039855129085481,100.0,85.0
,,,,,,,,,,,,,,,,,,,,,5.9696242064237595,5.902379438281059,0.0026670783954614308,0.35318383731646463,100.0,87.5
,,,,,,,,,,,,,,,,,,,,,6.009929925203323,6.044366881251335,0.002797445638861973,0.5183386366115883,100.0,78.75
,,,,,,,,,,,,,,,,,,,,,5.976913347840309,6.048647373914719,0.0025960326183849247,0.4401418595807627,100.0,84.375
,,,,,,,,,,,,,,,,,,,,,6.0975092351436615,6.218148320913315,0.002922993902757298,0.44609524332918227,100.0,79.375
,,,,,,,,,,,,,,,,,,,,,6.17745241522789,6.150065183639526,0.0028000891252304427,0.410967719508335,100.0,86.25
,,,,,,,,,,,,,,,,,,,,,6.228099584579468,6.302432641386986,0.002732223252678523,0.4352878213394433,100.0,81.25
,,,,,,,,,,,,,,,,,,,,,6.1921757608652115,6.201596826314926,0.0027771443164965604,0.33342021895805374,100.0,88.75
,,,,,,,,,,,,,,,,,,,,,6.217930510640144,6.063981577754021,0.0024451226181554375,0.29302388976793736,100.0,88.125
,,,,,,,,,,,,,,,,,,,,,6.226071089506149,6.26539146900177,0.00285578669354436,0.33632093120831996,100.0,83.125
,,,,,,,,,,,,,,,,,,,,,6.2236718982458115,6.2738590985536575,0.002525275936932303,0.40201031509786844,100.0,82.5
,,,,,,,,,,,,,,,,,,,,,6.274772942066193,6.209984764456749,0.0028051823246642016,0.40654791926499456,100.0,85.0
,,,,,,,,,,,,,,,,,,,,,6.327811762690544,6.214429974555969,0.002772319330688333,0.37753211124800146,100.0,82.5
,,,,,,,,,,,,,,,,,,,,,6.292567163705826,6.306636139750481,0.002617418740555877,0.40211013704538345,100.0,86.25
,,,,,,,,,,,,,,,,,,,,,6.40242812037468,6.450516909360886,0.0027663111686706543,0.3994318279437721,100.0,86.25
,,,,,,,,,,,,,,,,,,,,,6.383202850818634,6.511935830116272,0.0026885122279054485,0.46489244047552347,100.0,80.625
,,,,,,,,,,,,,,,,,,,,,6.218107238411903,6.1289612501859665,0.0026275992349837907,0.413111801026389,100.0,87.5
,,,,,,,,,,,,,,,,,,,,,6.173730373382568,6.285495951771736,0.002834612128935987,0.4571123557398096,100.0,84.375
,,,,,,,,,,,,,,,,,,,,,6.386379987001419,6.21892637014389,0.0027456700918264687,0.3546617972024251,100.0,88.125
,,,,,,,,,,,,,,,,,,,,,6.339552849531174,6.364334598183632,0.002637299880007049,0.3563365451991558,100.0,88.125
,,,,,,,,,,,,,,,,,,,,,6.29973666369915,6.293052181601524,0.002615457786305342,0.3811482802266255,100.0,90.0
,,,,,,,,,,,,,,,,,,,,,6.344334840774536,6.279777958989143,0.002850133183528669,0.42210065230028704,100.0,82.5
,,,,,,,,,,,,,,,,,,,,,6.295607477426529,6.291405543684959,0.00296207965038775,0.3482196156983264,100.0,89.375
,,,,,,,,,,,,,,,,,,,,,6.3082102090120316,6.193875283002853,0.002456593509123195,0.4015675554983318,100.0,89.375
,,,,,,,,,,,,,,,,,,,,,6.458429574966431,6.269170358777046,0.0029088676019455306,0.3584327937569469,100.0,85.0
,,,,,,,,,,,,,,,,,,,,,6.398544982075691,6.3705325573682785,0.0028187215284560807,0.41617878223769367,100.0,85.625
,,,,,,,,,,,,,,,,,,,,,6.4016793966293335,6.334884241223335,0.003072765455726767,0.4324249923811294,100.0,81.25
,,,,,,,,,,,,,,,,,,,,,6.452838063240051,6.4328902810812,0.0027133047551615164,0.32670998756657355,100.0,88.125
,,,,,,,,,,,,,,,,,,,,,6.405611455440521,6.3164802342653275,0.003070282949920511,0.5069682355097029,100.0,78.75
,,,,,,,,,,,,,,,,,,,,,6.375199094414711,6.4044094532728195,0.0025612384015403222,0.44211231730878353,100.0,82.5
,,,,,,,,,,,,,,,,,,,,,6.577040791511536,6.429102972149849,0.0026892930109170265,0.33515525539405644,100.0,87.5
,,,,,,,,,,,,,,,,,,,,,6.355552971363068,6.224436715245247,0.002769064885796979,0.5215075595187955,100.0,76.875
,,,,,,,,,,,,,,,,,,,,,6.350355014204979,6.475794240832329,0.002690795070520835,0.47290758980670944,100.0,82.5
,,,,,,,,,,,,,,,,,,,,,6.4992464035749435,6.479731842875481,0.002785840642900439,0.40543159656226635,100.0,85.625
,,,,,,,,,,,,,,,,,,,,,6.341772809624672,6.381301984190941,0.002678203603863949,0.37288960779551417,100.0,85.0
,,,,,,,,,,,,,,,,,,,,,6.528822049498558,6.420355394482613,0.002915766839578282,0.4312292921822518,100.0,82.5
,,,,,,,,,,,,,,,,,,,,,6.43387858569622,6.346816882491112,0.002848309279215755,0.4403438647277653,100.0,86.875
,,,,,,,,,,,,,,,,,,,,,6.429637789726257,6.418404906988144,0.002721202394241118,0.38617327983956784,100.0,86.25
,,,,,,,,,,,,,,,,,,,,,6.430886790156364,6.347936078906059,0.0025994986317527946,0.3913315561367199,100.0,86.875
,,,,,,,,,,,,,,,,,,,,,6.581837579607964,6.482172206044197,0.00270176829326374,0.3526187649113126,100.0,87.5
,,,,,,,,,,,,,,,,,,,,,6.62592576444149,6.510692551732063,0.0028796762526326347,0.38339815801009536,100.0,86.25
,,,,,,,,,,,,,,,,,,,,,6.546330735087395,6.533390238881111,0.0026138275861740112,0.47326357490965165,100.0,83.125
,,,,,,,,,,,,,,,,,,,,,6.478077784180641,6.405082702636719,0.0030310988149722107,0.3721893233596347,100.0,85.625
,,,,,,,,,,,,,,,,,,,,,6.482523053884506,6.40707840025425,0.0026280909896740923,0.4230035919463262,100.0,86.875
,,,,,,,,,,,,,,,,,,,,,6.576304212212563,6.651492774486542,0.002661079181052628,0.30711092142155394,100.0,88.125
,,,,,,,,,,,,,,,,,,,,,6.578286781907082,6.530414715409279,0.002563920616012183,0.43813971016788855,100.0,83.125
,,,,,,,,,,,,,,,,,,,,,6.65999199450016,6.638899609446526,0.0030255466954258736,0.42953157506417483,100.0,83.125
,,,,,,,,,,,,,,,,,,,,,6.677874103188515,6.678279101848602,0.002916070803621551,0.46880188526120037,100.0,82.5
,,,,,,,,,,,,,,,,,,,,,6.6644178330898285,6.67493811249733,0.0027742385827878024,0.44614370190538466,100.0,83.125
,,,,,,,,,,,,,,,,,,,,,6.716168999671936,6.710138812661171,0.0029793113499181345,0.5052976961014792,100.0,80.0
,,,,,,,,,,,,,,,,,,,,,6.5842768251895905,6.4708433002233505,0.002958440778456861,0.3026516721583903,100.0,88.75
,,,,,,,,,,,,,,,,,,,,,6.607240304350853,6.516357406973839,0.002797558885504259,0.4103992400341667,100.0,85.625
,,,,,,,,,,,,,,,,,,,,,6.4644632786512375,6.400394722819328,0.0029161930215195753,0.3640334496158175,100.0,89.375
,,,,,,,,,,,,,,,,,,,,,6.394028842449188,6.308652579784393,0.002593204360891832,0.3991947569302283,100.0,84.375
,,,,,,,,,,,,,,,,,,,,,6.256942316889763,6.360755309462547,0.002648934692842886,0.38394245877861977,100.0,83.75
,,,,,,,,,,,,,,,,,,,,,6.257269859313965,6.164619788527489,0.0027442842692835256,0.3585457379813306,100.0,89.375
,,,,,,,,,,,,,,,,,,,,,6.254839524626732,6.402142524719238,0.0025942295833374374,0.43556462350534275,100.0,85.0
,,,,,,,,,,,,,,,,,,,,,6.129584684967995,6.1556650549173355,0.002590164542198181,0.45040607181726955,100.0,83.75
,,,,,,,,,,,,,,,,,,,,,6.056899875402451,5.976025938987732,0.0026639342249836773,0.3743774666218087,100.0,85.0
,,,,,,,,,,,,,,,,,,,,,6.179016664624214,6.110098168253899,0.002726408842136152,0.42794465634506196,100.0,85.625
,,,,,,,,,,,,,,,,,,,,,6.186485230922699,6.3155650198459625,0.002873519055356155,0.45573989202966914,100.0,83.75
,,,,,,,,,,,,,,,,,,,,,6.05981008708477,6.031527578830719,0.0028209686279296875,0.46823720051907003,100.0,83.75
,,,,,,,,,,,,,,,,,,,,,6.157187908887863,6.152878627181053,0.0029767096020805184,0.2613671059370972,100.0,90.625
,,,,,,,,,,,,,,,,,,,,,5.96591591835022,5.996171712875366,0.0027979284277535044,0.3134591734269634,100.0,88.125
